cycle,best_Vavg_all,best_Vavg_selected,median_Ehull_all,median_Ehull_selected
1,4.3259665173901265,3.834486120313836,32.16956095631718,31.804729763079138
2,4.326841342956193,3.788519211,33.35013427095004,31.726573199999997
3,4.3259665173901265,3.844970374,37.09669181056604,33.62863274
